Year,Month,Day,WS,WD
2025,1,1,4.9,50
2025,1,2,2.9,40
2025,1,3,6.8,40
2025,1,4,7.6,40
2025,1,5,2.1,350
2025,1,6,5.1,50
2025,1,7,5.7,50
2025,1,8,4,30
2025,1,9,7.2,40
2025,1,10,8,40
2025,1,11,5.4,30
2025,1,12,5.2,40
2025,1,13,6.5,60
2025,1,14,3.7,60
2025,1,15,4.6,40
2025,1,16,6.5,40
2025,1,17,6.1,40
2025,1,18,5,30
2025,1,19,2.1,50
2025,1,20,5.2,40
2025,1,21,5.8,60
2025,1,22,4.8,60
2025,1,23,1.6,60
2025,1,24,3.6,50
2025,1,25,4.6,40
2025,1,26,3.1,330
2025,1,27,4.6,40
2025,1,28,6.5,40
2025,1,29,6.7,50
2025,1,30,6,40
2025,1,31,4.4,40
2025,2,1,2,180
2025,2,2,2.3,60
2025,2,3,3.9,40
2025,2,4,6.7,40
2025,2,5,6,40
2025,2,6,3.7,40
2025,2,7,5.7,40
2025,2,8,8.1,40
2025,2,9,6.7,40
2025,2,10,5.7,40
2025,2,11,5.6,60
2025,2,12,2.8,90
2025,2,13,6.8,40
2025,2,14,4.6,40
2025,2,15,1.9,350
2025,2,16,2.9,40
2025,2,17,6,50
2025,2,18,5.8,40
2025,2,19,5.1,40
2025,2,20,2.2,70
2025,2,21,4.3,40
2025,2,22,5.1,60
2025,2,23,5,40
2025,2,24,8.1,40
2025,2,25,4.2,50
2025,2,26,2.7,60
2025,2,27,2.5,80
2025,2,28,2.6,70
2025,3,1,3.4,100
2025,3,2,3.1,100
2025,3,3,2.1,140
2025,3,4,1.8,110
2025,3,5,4,30
2025,3,6,6.2,40
2025,3,7,5.9,40
2025,3,8,3.7,50
2025,3,9,4.5,40
2025,3,10,3.1,80
2025,3,11,2.9,80
2025,3,12,2.7,100
2025,3,13,2,120
2025,3,14,2.3,170
2025,3,15,2,30
2025,3,16,4.4,40
2025,3,17,5.9,40
2025,3,18,4.4,30
2025,3,19,5.9,40
2025,3,20,5.1,40
2025,3,21,5.2,50
2025,3,22,2.3,70
2025,3,23,1.3,80
2025,3,24,1.3,40
2025,3,25,1.4,340
2025,3,26,1.3,290
2025,3,27,1.9,330
2025,3,28,4.2,40
2025,3,29,7.9,40
2025,3,30,7.6,40
2025,3,31,3.9,40
2025,4,1,3.1,40
2025,4,2,3.8,40
2025,4,3,5.4,40
2025,4,4,5.4,60
2025,4,5,2.4,80
2025,4,6,2.5,40
2025,4,7,5.1,60
2025,4,8,1.8,100
2025,4,9,1.4,100
2025,4,10,2,300
2025,4,11,2.7,100
2025,4,12,2.5,290
2025,4,13,3.1,50
2025,4,14,1.8,320
2025,4,15,3.4,50
2025,4,16,3.5,100
2025,4,17,2.3,180
2025,4,18,1.4,280
2025,4,19,1.6,280
2025,4,20,2.3,330
2025,4,21,1.6,330
2025,4,22,2.5,310
2025,4,23,2.7,330
2025,4,24,1.9,320
2025,4,25,3.1,300
2025,4,26,3.1,30
2025,4,27,1.8,330
2025,4,28,3.5,310
2025,4,29,5.4,40
2025,4,30,3.4,80
2025,5,1,2,340
2025,5,2,3.6,50
2025,5,3,1.5,100
2025,5,4,2.4,90
2025,5,5,2.2,300
2025,5,6,2.1,330
2025,5,7,3.3,40
2025,5,8,3.7,90
2025,5,9,2.4,180
2025,5,10,2,280
2025,5,11,2.3,70
2025,5,12,5.2,50
2025,5,13,2.7,50
2025,5,14,2.6,70
2025,5,15,2.4,60
2025,5,16,2.8,100
2025,5,17,2.5,120
2025,5,18,2.1,180
2025,5,19,1.7,170
2025,5,20,2,170
2025,5,21,1.9,180
2025,5,22,1.3,280
2025,5,23,1.7,290
2025,5,24,2.4,320
2025,5,25,4.7,50
2025,5,26,4.3,40
2025,5,27,3.9,30
2025,5,28,2.6,90
2025,5,29,1.6,300
2025,5,30,2.9,60
2025,5,31,4.3,70
2025,6,1,2.3,230
2025,6,2,2.8,260
2025,6,3,2.1,270
2025,6,4,1.5,100
2025,6,5,2.7,90
2025,6,6,1.7,240
2025,6,7,1.3,60
2025,6,8,2.1,180
2025,6,9,3.1,80
2025,6,10,3.1,70
2025,6,11,4.1,80
2025,6,12,4.1,30
2025,6,13,2.1,230
2025,6,14,1.4,290
2025,6,15,1.6,270
2025,6,16,2.6,260
2025,6,17,1.6,300
2025,6,18,2.3,100
2025,6,19,3.4,100
2025,6,20,2.5,100
2025,6,21,1.8,100
2025,6,22,1.6,310
2025,6,23,1.7,300
2025,6,24,1.6,280
2025,6,25,2.5,100
2025,6,26,2.4,100
2025,6,27,1.9,100
2025,6,28,1.8,90
2025,6,29,2.2,70
2025,6,30,3.2,70
2025,7,1,3.1,70
2025,7,2,2.9,60
2025,7,3,3.7,40
2025,7,4,2.1,100
2025,7,5,3.4,100
2025,7,6,4.6,100
2025,7,7,3.2,260
2025,7,8,2.8,260
2025,7,9,2.5,250
2025,7,10,2.5,240
2025,7,11,1.8,90
2025,7,12,0.9,260
2025,7,13,1.3,300
2025,7,14,2,300
2025,7,15,1.6,290
2025,7,16,1.3,300
2025,7,17,1.8,330
2025,7,18,5.4,30
2025,7,19,5.9,100
2025,7,20,2.8,100
2025,7,21,2.7,100
2025,7,22,4.2,40
2025,7,23,5.8,40
2025,7,24,3.8,30
2025,7,25,1.9,240
2025,7,26,2.1,300
2025,7,27,1.9,280
2025,7,28,2.1,290
2025,7,29,1.9,320
2025,7,30,3.6,250
2025,7,31,3,240
2025,8,1,2.6,250
2025,8,2,2.8,250
2025,8,3,2.5,250
2025,8,4,2.6,240
2025,8,5,1.6,240
2025,8,6,1.3,250
2025,8,7,1.2,360
2025,8,8,2.2,100
2025,8,9,2.3,100
2025,8,10,1.4,240
2025,8,11,1.3,300
2025,8,12,1.3,350
2025,8,13,3.7,330
2025,8,14,3.3,80
2025,8,15,5.1,60
2025,8,16,4.1,60
2025,8,17,2.6,70
2025,8,18,1.4,80
2025,8,19,1.2,340
2025,8,20,1.2,340
2025,8,21,1.3,340
2025,8,22,2.7,70
2025,8,23,3.4,100
2025,8,24,2.8,90
2025,8,25,2.6,70
2025,8,26,2.6,100
2025,8,27,3.1,50
2025,8,28,4.8,70
2025,8,29,3.4,70
2025,8,30,1.6,100
2025,8,31,1.4,70
2025,9,1,2,20
2025,9,2,1.6,90
2025,9,3,1.3,100
2025,9,4,1.3,350
2025,9,5,2.1,40
2025,9,6,2.7,70
2025,9,7,1.4,340
2025,9,8,1.1,340
2025,9,9,1.3,320
2025,9,10,1.7,100
2025,9,11,1.7,100
2025,9,12,1.3,70
2025,9,13,1.4,330
2025,9,14,2,90
2025,9,15,3.2,70
2025,9,16,3.3,40
2025,9,17,3,60
2025,9,18,3.3,80
2025,9,19,2.9,80
2025,9,20,2.5,100
2025,9,21,4.3,40
2025,9,22,7.2,40
2025,9,23,5.8,130
2025,9,24,3.8,100
2025,9,25,4,70
2025,9,26,5.3,50
2025,9,27,3.3,70
2025,9,28,1.9,90
2025,9,29,1.7,100
2025,9,30,1.8,90
2025,10,1,1.8,80
2025,10,2,2.7,30
2025,10,3,3.8,60
2025,10,4,3.2,90
2025,10,5,1.5,80
2025,10,6,1.6,330
2025,10,7,3.5,40
2025,10,8,4.6,40
2025,10,9,4.8,50
2025,10,10,2.8,40
2025,10,11,1.6,100
2025,10,12,1.9,90
2025,10,13,2,100
2025,10,14,2.2,80
2025,10,15,3.2,20
2025,10,16,4,40
2025,10,17,5.2,40
2025,10,18,5.5,40
2025,10,19,7.2,40
2025,10,20,3.9,40
2025,10,21,2.9,30
2025,10,22,3,20
2025,10,23,7.4,40
2025,10,24,6.3,40
2025,10,25,4.7,30
2025,10,26,4.6,40
2025,10,27,7.8,40
2025,10,28,6.1,40
2025,10,29,8.5,40
2025,10,30,3.6,30
2025,10,31,2.5,70
2025,11,1,5.6,40
2025,11,2,5.9,40
2025,11,3,7.7,40
2025,11,4,3.7,30
2025,11,5,5.1,40
2025,11,6,5.6,50
2025,11,7,3.9,40
2025,11,8,3.3,30
2025,11,9,6.4,40
2025,11,10,9.4,40
2025,11,11,4.8,120
2025,11,12,4.6,160
2025,11,13,3.8,40
2025,11,14,7.8,40
2025,11,15,5.5,40
2025,11,16,4.2,30
2025,11,17,3.9,10
2025,11,18,7.7,40
2025,11,19,7.5,40
2025,11,20,7.1,40
2025,11,21,6.7,40
2025,11,22,7,40
2025,11,23,3.5,20
2025,11,24,3,20
2025,11,25,6.4,40
2025,11,26,8.8,40
2025,11,27,6.1,20
2025,11,28,6.9,50
2025,11,29,2.8,60
2025,11,30,2.1,20
2025,12,1,1.9,50
2025,12,2,3.5,30
2025,12,3,7.6,40
2025,12,4,7.8,40
2025,12,5,4.5,30
2025,12,6,3.7,30
2025,12,7,4.4,30
2025,12,8,5,60
2025,12,9,5.2,30
2025,12,10,2.1,40
2025,12,11,2.6,30
2025,12,12,5.4,40
2025,12,13,2.4,10
2025,12,14,7.1,40
2025,12,15,6.3,40
2025,12,16,3.2,40
2025,12,17,4.1,40
2025,12,18,4.9,50
2025,12,19,3.4,40
2025,12,20,2.9,50
2025,12,21,6.1,50
2025,12,22,7.4,40
2025,12,23,3.5,40
2025,12,24,2.5,70
2025,12,25,5.2,40
2025,12,26,7.5,40
2025,12,27,3.2,40
2025,12,28,2.8,40
2025,12,29,5,30
2025,12,30,2.5,40
2025,12,31,3.9,28
